<?xml version="1.0" encoding="UTF-8"?>
<sect1 id="CompareDirs">
  <title>Comparing Folders</title>

  <para>The Folder compare window displays all of the files and subfolders
  compared in a sortable list view. Files and subfolders may be synchronized
  by copying or deleting, and actions may be performed on multiple items
  simultaneously. The columns displayed may be changed and reordered.</para>

  <mediaobject>
    <imageobject>
      <imagedata fileref="screenshots/foldercomp1.png" format="PNG" />
    </imageobject>
  </mediaobject>

  <para>Folder comparison has two different modes. The mode is selected in the
  Open dialog with the "<guilabel>Include
  Subfolders</guilabel>"-checkbox.<itemizedlist>
      <listitem>
        <para>When subfolders are included, all subfolders and their contents
        are compared. Files are displayed depending on the options on the
        <guimenu>View</guimenu> menu (eg, <guimenuitem>Show Identical
        Files</guimenuitem>). Common folders are never displayed (but all
        files inside of them are). Folders only existing on one side are
        displayed according to the <guimenu>View</guimenu> menu options (eg,
        <guimenuitem>Show Left Unique Files</guimenuitem>).</para>

        <para>This mode does not allow browsing folders and can be slow if
        there are many subfolders and files. But it is easy to see and handle
        different files in whole folder structure.</para>
      </listitem>

      <listitem>
        <para>When subfolders are not included only files in selected folders
        and names of subfolders are shown.</para>

        <para>This mode allows browsing folders by opening subfolders and
        parent folders. This mode has the advantage of speed, as it may be
        much faster when there are many subfolders that need not be examined.
        Also the display may be easier to manage, showing only items in one
        folder.</para>
      </listitem>
    </itemizedlist></para>

  <para>In WinMerge version 2.4 and later there is a <guilabel>Compare by
  Quick Contents</guilabel> -compare method which makes possible to compare
  big binary files. For more information about different compare methods see
  <link linkend="Configuration">Options &amp; configuration</link> -chapter.
  In WinMerge version 2.4 and later all files bigger than 4 MB (megabytes) are
  automatically compared with Compare by Quick Contents -method. Downsides for
  this method are that linefilters do not work and there is no difference
  counts information in folder compare UI. For most cases this should not
  matter since so big files usually are binary files.</para>

  <para>For advanced users: If that limit does not feel good (you have lots of
  big text files) it can be changed via registry value: <screen>HKEY_CURRENT_USER\Software\Thingamahoochie\WinMerge\Settings\QuickMethodLimit</screen>.
  As usual be careful when changing values directly to registry!</para>

  <sect2>
    <title>Compare Results</title>

    <indexterm>
      <primary>Folder compare result</primary>
    </indexterm>

    <para>Files and folders are compared and divided into several categories.
    Categories are easy to recognize from these icons:<simplelist>
        <member><inlinemediaobject>
            <imageobject>
              <imagedata fileref="screenshots/equal.gif" format="GIF" />
            </imageobject>
          </inlinemediaobject> Identical text files</member>

        <member><inlinemediaobject>
            <imageobject>
              <imagedata fileref="screenshots/notequal.gif" format="GIF" />
            </imageobject>
          </inlinemediaobject> Differing text files</member>

        <member><inlinemediaobject>
            <imageobject>
              <imagedata fileref="screenshots/binary.gif" format="GIF" />
            </imageobject>
          </inlinemediaobject> Identical binary files</member>

        <member><inlinemediaobject>
            <imageobject>
              <imagedata fileref="screenshots/binarydiff.gif" format="GIF" />
            </imageobject>
          </inlinemediaobject> Differing binary files</member>

        <member><inlinemediaobject>
            <imageobject>
              <imagedata fileref="screenshots/lfolder.gif" format="GIF" />
            </imageobject>
          </inlinemediaobject> Left-only folders</member>

        <member><inlinemediaobject>
            <imageobject>
              <imagedata fileref="screenshots/rfolder.gif" format="GIF" />
            </imageobject>
          </inlinemediaobject> Right-only folders</member>

        <member><inlinemediaobject>
            <imageobject>
              <imagedata fileref="screenshots/lfile.gif" format="GIF" />
            </imageobject>
          </inlinemediaobject> Left-only files</member>

        <member><inlinemediaobject>
            <imageobject>
              <imagedata fileref="screenshots/rfile.gif" format="GIF" />
            </imageobject>
          </inlinemediaobject> Right-only files</member>

        <member><inlinemediaobject>
            <imageobject>
              <imagedata fileref="screenshots/folderskip.gif" format="GIF" />
            </imageobject>
          </inlinemediaobject> Skipped directories (filtered out)</member>

        <member><inlinemediaobject>
            <imageobject>
              <imagedata fileref="screenshots/fileskip.gif" format="GIF" />
            </imageobject>
          </inlinemediaobject> Skipped files (filtered out)</member>

        <member><inlinemediaobject>
            <imageobject>
              <imagedata fileref="screenshots/error.gif" format="GIF" />
            </imageobject>
          </inlinemediaobject> Items that couldn't be compared. This usually
        happens when other program has locked the file.</member>

        <member><inlinemediaobject>
            <imageobject>
              <imagedata fileref="screenshots/aborted.png" />
            </imageobject>
          </inlinemediaobject> Aborted item. WinMerge did not finish comparing
        this item when compare was stopped. Result is unknown.</member>
      </simplelist></para>
  </sect2>

  <sect2>
    <title>Folder Compare Status</title>

    <para>During the folder comparison WinMerge shows status panel:</para>

    <para><mediaobject>
        <imageobject>
          <imagedata fileref="screenshots/foldercmp_progress.png" format="PNG" />
        </imageobject>
      </mediaobject></para>

    <para>The panel shows approximate status and progress of the compare.
    Status is shown as a number of items and a progressbar. Numbers show how
    many items (files and folders) WinMerge has found to compare. Progressbar
    shows same info graphically.</para>

    <important>
      <para>Progressbar is for item counts. As there usually are different
      sized files in compare it does not directly map to time used/remaining.
      So 50/100 items does not strictly mean compare is in half by time
      used.</para>
    </important>

    <para>Folder compare can be stopped by selecting
    <guibutton>Stop</guibutton>-button and results for files and folders
    compared so far are shown. When compare is stopped before it finishes,
    some files may be in middle of comparison. Those files are marked as
    <guilabel>Aborted</guilabel> in comparison results. It means result is not
    available for them.</para>

    <para>When folder compare is ready status panel is closed and results are
    shown.</para>

    <note>
      <para>This is one of most visible changes in WinMerge version 2.6. New
      status panel may feel "just too simple" after using previous WinMerge
      versions. The fact is most of the details in previous versions were
      useless during the compare. So simplicity was choosen for new design.
      Automatic closing may also feel weird at starters. But there is no
      information visible that would be needed after the compare.</para>
    </note>

    <para>Compare statistics are visible in separate dialog which can be
    opened after compare from menu: <menuchoice>
        <guimenu>View</guimenu>

        <guimenuitem>Compare Statistics</guimenuitem>
      </menuchoice>.</para>
  </sect2>

  <sect2>
    <title>Selecting Items to Show</title>

    <para>In "<guimenu>View</guimenu>" menu there are several choices for
    selecting which categories to show / hide.</para>

    <itemizedlist>
      <listitem>
        <simpara><guimenuitem>Show identical files</guimenuitem> : shows and
        hides files detected as identical</simpara>
      </listitem>

      <listitem>
        <simpara><guimenuitem>Show different files</guimenuitem> : shows and
        hides files detected as different</simpara>
      </listitem>

      <listitem>
        <simpara><guimenuitem>Show left unique files</guimenuitem> : shows and
        hides files and directories present only in left side</simpara>
      </listitem>

      <listitem>
        <simpara><guimenuitem>Show right unique files</guimenuitem> : shows
        and hides files and directories present only in right side</simpara>
      </listitem>

      <listitem>
        <simpara><guimenuitem>Show binary files</guimenuitem> : shows and
        hides files detected as binaries</simpara>
      </listitem>

      <listitem>
        <simpara><guimenuitem>Show skipped files</guimenuitem> : shows and
        hides files and directories filtered out by file filters</simpara>
      </listitem>
    </itemizedlist>
  </sect2>

  <sect2>
    <title>Columns in Folder Compare</title>

    <indexterm>
      <primary>Folder compare columns</primary>
    </indexterm>

    <para>By default these columns are visible:</para>

    <itemizedlist>
      <listitem>
        <simpara><guilabel>Filename</guilabel></simpara>
      </listitem>

      <listitem>
        <simpara><guilabel>Directory</guilabel> : Relative folder name for
        compare path. If subfolders are not included this is empty.</simpara>
      </listitem>

      <listitem>
        <simpara><guilabel>Comparison result</guilabel> : Verbose comparison
        result (see also <guilabel>Short Result</guilabel>)</simpara>
      </listitem>

      <listitem>
        <simpara><guilabel>Left Date</guilabel> &amp; <guilabel>Right
        Date</guilabel>: Modification date of item. Note that newer date is
        prefixed with asterisk "<guilabel>*</guilabel>".</simpara>
      </listitem>

      <listitem>
        <simpara><guilabel>Extension</guilabel> : File's extension, handy for
        sorting</simpara>
      </listitem>
    </itemizedlist>

    <para>Following columns are available through "<guimenuitem>Customize
    Columns</guimenuitem>"-dialog:</para>

    <itemizedlist>
      <listitem>
        <simpara><guilabel>Binary</guilabel> : Column contains asterisk
        "<guilabel>*</guilabel>" when file is binary. Handy for sorting and to
        use with "<guilabel>Short Result</guilabel>"-column.</simpara>
      </listitem>

      <listitem>
        <simpara><guilabel>Left Attributes</guilabel> &amp; <guilabel>Right
        Attributes</guilabel> : Shows file attributes.</simpara>
      </listitem>

      <listitem>
        <simpara><guilabel>Left Creation Time</guilabel> &amp; <guilabel>Right
        Creation Time</guilabel> : Item creation time.</simpara>
      </listitem>

      <listitem>
        <simpara><guilabel>Left Encoding</guilabel> &amp; <guilabel>Right
        Encoding</guilabel> : File encoding.</simpara>
      </listitem>

      <listitem>
        <simpara><guilabel>Left File Version</guilabel> &amp; <guilabel>Right
        File Version</guilabel> : Version number from file if present. Note
        that this is read for only some binary files.</simpara>
      </listitem>

      <listitem>
        <simpara><guilabel>Left Size</guilabel> &amp; <guilabel>Right
        Size</guilabel> : File size in bytes.</simpara>
      </listitem>

      <listitem>
        <simpara><guilabel>Newer File</guilabel> : Shows which side is
        newer.</simpara>
      </listitem>

      <listitem>
        <simpara><guilabel>Differences</guilabel> : Amount of differences
        found between files, not including possibly ignored
        differences.</simpara>
      </listitem>

      <listitem>
        <simpara><guilabel>Ignored diff.</guilabel> : Amount of ignored
        differences in files.</simpara>
      </listitem>

      <listitem>
        <simpara><guilabel>Left EOL &amp; Righ EOL</guilabel> : Show EOL style
        (linefeed style) of files.</simpara>
      </listitem>
    </itemizedlist>
  </sect2>

  <sect2>
    <title>Browsing Folders</title>

    <para>Browsing folders is only possible when subfolders are not included
    to compare (<guilabel>Include Subfolders</guilabel> checkbox is not
    checked in <guilabel>Open</guilabel>-dialog). Parent folders
    ("<guilabel>..</guilabel>"-item) and subfolders existing in both sides can
    be compared by double-clicking with mouse over them or selecting them and
    pressing <keycap>Enter</keycap>.</para>

    <para>Parent folder can be opened if it is not same directory. These two
    icons indicate if parent folder can be opened:</para>

    <simplelist type="vert">
      <member><inlinemediaobject>
          <imageobject>
            <imagedata fileref="screenshots/folderup.gif" format="GIF" />
          </imageobject>
        </inlinemediaobject> Parent folder can be opened.</member>

      <member><inlinemediaobject>
          <imageobject>
            <imagedata fileref="screenshots/folderup_disable.gif" format="GIF" />
          </imageobject>
        </inlinemediaobject> Parent folder cannot be opened. It probably is
      same directory for both sides.</member>
    </simplelist>
  </sect2>

  <sect2>
    <title>Navigation in Folder Compare</title>

    <para>In addition moving selection using mouse or keyboard, also
    <guimenu>Merge</guimenu>-menu navigation commands, toolbar buttons and
    shortcut keys can be used. For example "<guimenuitem>Next
    diff</guimenuitem>" finds next different file and selects it.</para>

    <note>
      <para>Unique files and folders are considered as different ones.</para>
    </note>

    <para>Multiple files/folders can be selected. However not all operations
    are possible with multi-selection.</para>
  </sect2>

  <sect2>
    <title>File Operations in Folder Compare</title>

    <sect3>
      <title>Copying, moving and deleting</title>

      <para>Folder compare allows user to copy and delete files and folders.
      File operations are available through context menu (right-click with
      mouse). Also files can be opened to associated program or into external
      editor.</para>

      <para>In file operation menu, there are one or two numbers shown,
      depending on files/folders selected. If there is one number shown, for
      example "<guimenuitem>Copy/Left to... (5)</guimenuitem>" that means
      there is 5 items selected, and all items can be copied. But if there is
      two numbers shown, for example "<guimenuitem>Copy/Left to... (3 of
      5)</guimenuitem>", that means there are 5 items selected but only 3
      items can be copied.</para>

      <para>Most common operation is copying files from side to side. File can
      be copied from side to side using <guimenu>Merge</guimenu>-menu items,
      toolbar buttons and context menu. If multiple files are selected, or
      file to overwrite is read-only, confirmation dialog is shown.</para>

      <para>Sometimes it is useful to copy certain files and/or directories to
      another directory instead of another compared directory. This can be
      done selecting "<guimenuitem>Copy/Left to...</guimenuitem>" or
      "<guimenuitem>Copy/Right to...</guimenuitem>" items.</para>

      <para>Another file/folder operation is deleting. Items in another or
      both sides can be deleted. There is "<guilabel>Send deleted files into
      Recycle Bin</guilabel>" option in system options (See <link
      linkend="Configuration">Options &amp; Configuration</link> -chapter). It
      is highly recommended to keep that option enabled so deletion can be
      undone if accidents happen. Note however recycle bin does not help if
      its disabled from Windows settings.</para>

      <para>Moving is just shortcut for copy + delete.</para>

      <warning>
        <para>File/folder deletion cannot be undone if <guilabel>Recycle
        Bin</guilabel> is not used!</para>
      </warning>
    </sect3>

    <sect3>
      <title>Renaming</title>

      <para>Renaming files and folders is available through context menu item
      <guimenuitem>Rename</guimenuitem> or using <keycap>F2</keycap> -shortcut
      key. Edit-box appears and allows editing of the name. Renaming can be
      cancelled by pressing <keycap>Esc</keycap> -key. Note that items in both
      sides are renamed. Renaming just other side is not currently
      possible.</para>
    </sect3>

    <sect3>
      <title>Opening files</title>

      <para>There are three items in <guimenu>Open</guimenu>-menus:</para>

      <itemizedlist>
        <listitem>
          <simpara><guimenuitem>With Registered Application</guimenuitem> :
          Opens file with application registered for editing filetype for
          Windows, if there is one.</simpara>
        </listitem>

        <listitem>
          <simpara><guimenuitem>With External Editor</guimenuitem> : Open with
          external editor. Default editor can be selected from options,
          Notepad is used by default.</simpara>
        </listitem>

        <listitem>
          <simpara><guimenuitem>With ...</guimenuitem> : Opens "<guilabel>Open
          With...</guilabel>" dialog asking from user with which application
          files should be opened.</simpara>
        </listitem>
      </itemizedlist>

      <tip>
        <para>Selecting <guilabel>With Registered Application</guilabel> when
        folder is selected usually opens that folder into new Explorer
        window.</para>
      </tip>
    </sect3>

    <sect3>
      <title>Archiving</title>

      <para><guimenu>Zip</guimenu>-menu in directory compare context menu
      allows adding selected items to archive file.</para>

      <note>
        <para>Archive support requires that 7-Zip plugin is installed to
        system.</para>
      </note>

      <para>Zip-submenumenu has four items:</para>

      <itemizedlist>
        <listitem>
          <simpara><guimenuitem>Left...</guimenuitem> : Adds left-side files
          and folders (recursively) to the archive file</simpara>
        </listitem>

        <listitem>
          <simpara><guimenuitem>Right...</guimenuitem> : Adds right-side files
          and folders (recursively) to the archive file</simpara>
        </listitem>

        <listitem>
          <simpara><guimenuitem>Both...</guimenuitem> : Adds files and folders
          (recursively) from both sides to the archive file. Because filenames
          are same, files must be put to subfolders inside archive. Left-side
          files are put to subfolder <filename
          class="directory">Original/</filename> and right-side files are put
          to subfolder <filename
          class="directory">Altered/</filename>.</simpara>
        </listitem>

        <listitem>
          <simpara><guimenuitem>Differences...</guimenuitem> : This is like
          above <guimenuitem>Both</guimenuitem>, but this item adds only
          different files (including unique files) from both sides.</simpara>
        </listitem>
      </itemizedlist>

      <para>After selecting one of <guimenu>Zip</guimenu>-menu items dialog
      pops up asking filename and archive type from user. WinMerge cannot add
      files to existing archive files but it always creates new archive
      file.</para>

      <tip>
        <para>WinMerge looks for subfolders <filename
        class="directory">Original/</filename> and <filename
        class="directory">Altered/</filename> in archive files. If archive
        file contains these subfolders and same filename is given to both
        sides WinMerge compares contents of those two folders.</para>
      </tip>

      <para>If directory compare shows contents of archive files WinMerge
      updates changes done to files in file compare into original archive
      file. But WinMerge does not update archive contents for files
      added/deleted/copied. User can create a new archive file using above
      menuitems instead.</para>
    </sect3>
  </sect2>

  <sect2>
    <title>Copying Path- or Filenames</title>

    <para>In context menu there are items for copying selected items' paths or
    filenames to clipboard. This feature makes it easy so get list of changed
    files, for changelogs etc.</para>

    <itemizedlist>
      <listitem>
        <simpara><guimenuitem>Copy Pathnames</guimenuitem> has three
        subchoices like other file handling functions. It copies full
        pathnames of selected items to clipboard, one per line.</simpara>
      </listitem>

      <listitem>
        <simpara><guimenuitem>Copy Filenames</guimenuitem> copies only
        filenames without paths.</simpara>
      </listitem>
    </itemizedlist>
  </sect2>

  <sect2>
    <title>Customising Folder Compare</title>

    <para>There are many ways to customize folder compare:<itemizedlist>
        <listitem>
          <simpara>Sorting by column : Sorted by column can be selected by
          clicking column name with mouse. Little arrow appears next to column
          name indicating that results are sorted by this column and sort
          order.</simpara>
        </listitem>

        <listitem>
          <simpara>Selecting visible columns : "<guilabel>Display
          Columns</guilabel>" dialog can be opened from
          <guimenu>Tools</guimenu>-menu or by right-clicking column header
          with mouse.</simpara>
        </listitem>

        <listitem>
          <simpara>Changing order of columns : Order can be changed in
          "<guilabel>Display Columns</guilabel>" dialog or by drag &amp;
          dropping column names with mouse.</simpara>
        </listitem>
      </itemizedlist></para>
  </sect2>

  <sect2>
    <title>Protecting Folders / Read-only Folders</title>

    <para>If user wants to protect one or both sides from changes, user can
    set them to read-only from <guimenu>File</guimenu>-menu.</para>

    <important>
      <para>Setting read-only protects files and folders in current compare
      view only.</para>
    </important>

    <para>Protected status is inherited to opened files from directory
    compare. If user compares two folders, sets another to protected and opens
    two files for comparing, file opened from protected side has protection
    set too.</para>

    <para>Protection status is shown in statusbar, there are own panes for
    left and right side.</para>
  </sect2>

  <sect2>
    <title>Hiding Items</title>

    <indexterm>
      <primary>Hiding files and folders</primary>
    </indexterm>

    <para>Selected items can be hidden from view using context menu item
    <guimenuitem>Hide Items</guimenuitem>. Hidden items are not shown until
    next refresh is done. All hidden items can be re-shown selecting
    <menuchoice>
        <guimenu>View</guimenu>

        <guimenuitem>Show Hidden Items</guimenuitem>
      </menuchoice>.</para>

    <para>Hiding items is handy to remove already handled items from the view.
    So when you have merged files, use context menu item to hide them. It is a
    lot easier to see what items are left to merge. Get used to it! It saves
    your time!</para>
  </sect2>

  <sect2>
    <title>Refreshing Only Selected Items</title>

    <para>Full refresh of large folders can take a long time. In 2.2 and
    earlier versions of WinMerge user always had to do full refresh after
    editing files outside WinMerge. WinMerge 2.4 can refresh just selected
    items. Select <guimenuitem>Refresh</guimenuitem> from context menu.</para>
  </sect2>
</sect1>
